<?xml version="1.0" encoding="UTF-8"?>
<project-private xmlns="http://www.netbeans.org/ns/project-private/1">
    <editor-bookmarks xmlns="http://www.netbeans.org/ns/editor-bookmarks/2" lastBookmarkId="0"/>
    <open-files xmlns="http://www.netbeans.org/ns/projectui-open-files/2">
        <group>
            <file>file:/D:/Kuliah/ISB%20204%20Struktur%20Data/Week11-Searching/src/week11/searching/AlgoritmaPencarian.java</file>
            <file>file:/D:/Kuliah/ISB%20204%20Struktur%20Data/Week11-Searching/src/week11/searching/Main.java</file>
        </group>
    </open-files>
</project-private>
